UserID,Time
Uf6e79e456a1aec42800245bc5b0f9e43,2023/10/26 17:51:45
U3eca7036875325d8c803b435f6de2d36,2023/10/26 17:56:06
Uf6e79e456a1aec42800245bc5b0f9e43,2023/10/26 18:00:52
Uf6e79e456a1aec42800245bc5b0f9e43,2023/10/26 18:03:36
Uf6e79e456a1aec42800245bc5b0f9e43,2023/10/27 11:33:48
Uf6e79e456a1aec42800245bc5b0f9e43,2023/10/27 11:38:28
Uf6e79e456a1aec42800245bc5b0f9e43,2023/10/27 11:40:35
Uf6e79e456a1aec42800245bc5b0f9e43,2023/10/27 11:41:11
Uf6e79e456a1aec42800245bc5b0f9e43,2023/10/27 11:42:21
Uf6e79e456a1aec42800245bc5b0f9e43,2023/10/30 10:18:10
Uf6e79e456a1aec42800245bc5b0f9e43,2023/10/30 10:27:25
Uf6e79e456a1aec42800245bc5b0f9e43,2023/10/30 10:34:28
Uf6e79e456a1aec42800245bc5b0f9e43,2023/10/30 11:59:09
Uf6e79e456a1aec42800245bc5b0f9e43,2023/10/30 12:01:03
Uf6e79e456a1aec42800245bc5b0f9e43,2023/10/30 12:03:25
Uf6e79e456a1aec42800245bc5b0f9e43,2023/10/30 12:03:37
Uf6e79e456a1aec42800245bc5b0f9e43,2023/10/30 13:59:07
Uf6e79e456a1aec42800245bc5b0f9e43,2023/10/30 14:43:18
Uf6e79e456a1aec42800245bc5b0f9e43,2023/10/30 14:44:54
Uf6e79e456a1aec42800245bc5b0f9e43,2023/11/9 16:58:27
Uf6e79e456a1aec42800245bc5b0f9e43,2023/11/9 17:00:13
